﻿<?xml version="1.0" encoding="utf-8" ?>
<Root>
  <Name><![CDATA[방송 도우미]]></Name>
  <TopMost>False</TopMost>
  <TWorks>
    <Item No="1">
      <Color>#000000</Color>
	  <Volue>100</Volue>
      <Text><![CDATA[노래제목]]></Text>
      <Discription><![CDATA[노래설명]]></Discription>
      <File>
        <Path><![CDATA[./Data/Sounds/아이유-너랑 나.mp3]]></Path>
        <StartTime>0</StartTime>
        <EndTime>0</EndTime>
        <Loop>0</Loop>
      </File>
    </Item>
    <Item No="2">
      <Color>#000000</Color>
	  <Volue>100</Volue>
      <Text><![CDATA[노래제목]]></Text>
      <Discription><![CDATA[노래설명]]></Discription>
      <File>
        <Path><![CDATA[./Data/Sounds/아이유-너랑 나.mp3]]></Path>
        <StartTime>0</StartTime>
        <EndTime>0</EndTime>
        <Loop>0</Loop>
      </File>
    </Item>
  </TWorks>
</Root>
