﻿<?xml version="1.0" encoding="utf-8" ?>
<Root>
  <Name><![CDATA[Default]]></Name>
  <Title><![CDATA[방송 도우미]]></Title>
  <TopMost>False</TopMost>
  <TWorks>
    <Item No="1">
      <Text><![CDATA[별빛이내린다]]></Text>
      <Discription><![CDATA[별풍선 500개 야호]]></Discription>
      <Color>#000000</Color>
      <Volume>30</Volume>
      <File>
        <Path><![CDATA[./Data/Default_Sounds/XXXX.mp3]]></Path>
        <StartTime>37000</StartTime>
        <EndTime>62600</EndTime>
      </File>
    </Item>
    <Item No="2">
      <Color>#000000</Color>
      <Volume>20</Volume>
      <Text><![CDATA[아이유-너랑나랑]]></Text>
      <Discription><![CDATA[노래설명]]></Discription>
      <File>
        <Path><![CDATA[./Data/Default_Sounds/아이유-너랑 나.mp3]]></Path>
        <StartTime>60000</StartTime>
        <EndTime>62600</EndTime>
      </File>
    </Item>
  </TWorks>
</Root>
