<?xml version="1.0" encoding="UTF-8" standalone="no" ?>
<application xmlns="http://ns.adobe.com/air/application/17.0">
  <id>Main</id>
  <versionNumber>1.0.1</versionNumber>
  <versionLabel/>
  <filename>Main</filename>
  <description/>
<!-- To localize the description, use the following format for the description element.<description><text xml:lang="en">English App description goes here</text><text xml:lang="fr">French App description goes here</text><text xml:lang="ja">Japanese App description goes here</text></description>-->
  <name>Main</name>
<!-- To localize the name, use the following format for the name element.<name><text xml:lang="en">English App name goes here</text><text xml:lang="fr">French App name goes here</text><text xml:lang="ja">Japanese App name goes here</text></name>-->
  <copyright/>
  <initialWindow>
    <content>Main.swf</content>
    <systemChrome>standard</systemChrome>
    <transparent>false</transparent>
    <visible>true</visible>
    <fullScreen>true</fullScreen>
    <aspectRatio>landscape</aspectRatio>
    <renderMode>gpu</renderMode>
    <autoOrients>false</autoOrients></initialWindow>
  <icon/>
  <customUpdateUI>false</customUpdateUI>
  <allowBrowserInvocation>false</allowBrowserInvocation>
  <android>
    <manifestAdditions>
      <![CDATA[
            <manifest>
                <uses-permission android:name="android.permission.ACCESS_COARSE_LOCATION" />
                <uses-permission android:name="android.permission.ACCESS_FINE_LOCATION" />
                <uses-permission android:name="android.permission.ACCESS_NETWORK_STATE" />
                <uses-permission android:name="android.permission.ACCESS_WIFI_STATE" />
                <uses-permission android:name="android.permission.CAMERA" />
                <uses-permission android:name="android.permission.DISABLE_KEYGUARD" />
                <uses-permission android:name="android.permission.INTERNET" />
                <uses-permission android:name="android.permission.READ_PHONE_STATE" />
                <uses-permission android:name="android.permission.RECORD_AUDIO" />
                <uses-permission android:name="android.permission.WAKE_LOCK" />
                <uses-permission android:name="android.permission.WRITE_EXTERNAL_STORAGE" />
            </manifest>
        ]]>
    </manifestAdditions>
  </android>
</application>
